Era,Extrinsic Index,Block Timestamp
98,1677354,2023-09-27T22:53:48Z
99,1689582,2023-09-28T19:16:36Z
100,1705213,2023-09-29T21:19:42Z
101,1728348,2023-10-01T11:53:12Z
102,1732760,2023-10-01T19:14:24Z
103,1747159,2023-10-02T19:14:18Z
104,1761570,2023-10-03T19:15:24Z
105,1775957,2023-10-04T19:14:06Z
106,1790359,2023-10-05T19:14:18Z
107,1804759,2023-10-06T19:14:18Z
108,1819158,2023-10-07T19:14:12Z
109,1834173,2023-10-08T20:20:30Z
110,1847169,2023-10-09T19:27:48Z
111,1861170,2023-10-10T19:14:30Z
112,1875545,2023-10-11T19:14:30Z
113,1889975,2023-10-12T20:46:42Z
114,1902843,2023-10-13T19:20:42Z
115,1917171,2023-10-14T19:15:30Z
116,1931557,2023-10-15T19:14:06Z
117,1946234,2023-10-16T19:46:48Z
118,1960304,2023-10-17T19:14:00Z
119,1975082,2023-10-18T19:52:18Z
120,1989099,2023-10-19T19:14:00Z
121,2003495,2023-10-20T19:14:00Z
122,2017895,2023-10-21T19:14:00Z
123,2032254,2023-10-22T19:14:00Z
124,2046654,2023-10-23T19:14:00Z
125,2061054,2023-10-24T19:14:00Z
126,2075454,2023-10-25T19:14:00Z
127,2089854,2023-10-26T19:14:00Z
128,2104248,2023-10-27T19:14:00Z
129,2118648,2023-10-28T19:14:00Z
130,2133048,2023-10-29T19:14:00Z
131,2147448,2023-10-30T19:14:00Z
132,2161847,2023-10-31T19:14:00Z
133,2176247,2023-11-01T19:14:00Z
134,2190636,2023-11-02T19:14:00Z
135,2205036,2023-11-03T19:14:00Z
136,2219435,2023-11-04T19:14:00Z
137,2233834,2023-11-05T19:14:00Z
138,2248408,2023-11-06T19:31:30Z
140,2248462,2023-11-06T19:36:54Z
139,2263138,2023-11-07T20:04:30Z
141,2263217,2023-11-07T20:12:24Z
142,2277031,2023-11-08T19:14:30Z
143,2291431,2023-11-09T19:14:30Z
144,2305831,2023-11-10T19:14:30Z
145,2320231,2023-11-11T19:14:30Z
146,2334631,2023-11-12T19:14:30Z
147,2349030,2023-11-13T19:14:30Z
148,2363430,2023-11-14T19:14:30Z
149,2377830,2023-11-15T19:14:30Z
150,2392219,2023-11-16T19:14:30Z
151,2406618,2023-11-17T19:14:30Z
152,2421018,2023-11-18T19:14:30Z
153,2435405,2023-11-19T19:14:30Z
154,2449805,2023-11-20T19:14:30Z
155,2464205,2023-11-21T19:14:30Z
156,2478603,2023-11-22T19:14:24Z
157,2493002,2023-11-23T19:14:30Z
158,2507402,2023-11-24T19:14:30Z
159,2521785,2023-11-25T19:14:24Z
160,2536171,2023-11-26T19:14:24Z
161,2550569,2023-11-27T19:14:24Z
162,2564968,2023-11-28T19:14:24Z
163,2579359,2023-11-29T19:14:30Z
164,2593758,2023-11-30T19:14:42Z
165,2609869,2023-12-01T22:05:48Z
166,2622670,2023-12-02T19:25:54Z
167,2637021,2023-12-03T19:21:00Z
168,2651344,2023-12-04T19:14:30Z
169,2665556,2023-12-05T19:14:36Z
170,2679958,2023-12-06T19:14:48Z
171,2694356,2023-12-07T19:14:36Z
172,2708756,2023-12-08T19:14:36Z
173,2723156,2023-12-09T19:14:36Z
174,2737556,2023-12-10T19:14:36Z
175,2751956,2023-12-11T19:14:36Z
176,2766347,2023-12-12T19:14:36Z
177,2780747,2023-12-13T19:14:36Z
178,2795147,2023-12-14T19:14:36Z
179,2809548,2023-12-15T19:14:42Z
180,2823948,2023-12-16T19:14:42Z
181,2838348,2023-12-17T19:14:42Z
183,2867141,2023-12-19T19:14:42Z
182,2881534,2023-12-20T19:14:00Z
184,2886446,2023-12-21T03:25:12Z
185,2895942,2023-12-21T19:14:48Z
186,2910339,2023-12-22T19:14:30Z
187,2924739,2023-12-23T19:14:30Z
188,2939139,2023-12-24T19:14:30Z
189,2953539,2023-12-25T19:14:30Z
190,2967939,2023-12-26T19:14:30Z
191,2982339,2023-12-27T19:14:30Z
192,2996739,2023-12-28T19:14:30Z
193,3011139,2023-12-29T19:14:30Z
194,3025540,2023-12-30T19:14:36Z
195,3039940,2023-12-31T19:14:36Z
196,3054340,2024-01-01T19:14:36Z
197,3068740,2024-01-02T19:14:36Z
198,3083140,2024-01-03T19:14:36Z
199,3097540,2024-01-04T19:14:36Z
200,3111940,2024-01-05T19:14:36Z
201,3126340,2024-01-06T19:14:36Z
202,3140740,2024-01-07T19:14:36Z
203,3155140,2024-01-08T19:14:36Z
204,3169540,2024-01-09T19:14:36Z
205,3183946,2024-01-10T19:15:12Z
206,3198342,2024-01-11T19:14:48Z
207,3212742,2024-01-12T19:14:48Z
208,3227142,2024-01-13T19:14:48Z
209,3241543,2024-01-14T19:14:54Z
210,3255942,2024-01-15T19:14:48Z
211,3270342,2024-01-16T19:14:48Z
212,3284742,2024-01-17T19:14:48Z
213,3299142,2024-01-18T19:14:48Z
214,3313542,2024-01-19T19:14:48Z
215,3327942,2024-01-20T19:14:48Z
216,3342342,2024-01-21T19:14:48Z
217,3356481,2024-01-22T19:14:48Z
218,3370873,2024-01-23T19:14:48Z
219,3385277,2024-01-24T19:15:12Z
220,3399673,2024-01-25T19:14:48Z
221,3414073,2024-01-26T19:14:48Z
222,3428473,2024-01-27T19:14:48Z
223,3442873,2024-01-28T19:14:48Z
224,3457273,2024-01-29T19:14:48Z
225,3471673,2024-01-30T19:14:48Z
226,3486073,2024-01-31T19:14:48Z
227,3500473,2024-02-01T19:14:48Z
228,3514873,2024-02-02T19:14:48Z
229,3529272,2024-02-03T19:14:42Z
230,3543672,2024-02-04T19:14:42Z
231,3558072,2024-02-05T19:14:42Z
232,3572472,2024-02-06T19:14:42Z
233,3586872,2024-02-07T19:14:42Z
234,3601272,2024-02-08T19:14:42Z
235,3615662,2024-02-09T19:14:42Z
236,3630023,2024-02-10T19:14:42Z
237,3644423,2024-02-11T19:14:42Z
238,3658823,2024-02-12T19:14:42Z
239,3673223,2024-02-13T19:14:42Z
240,3687623,2024-02-14T19:14:42Z
241,3702023,2024-02-15T19:14:42Z
242,3716422,2024-02-16T19:14:42Z
243,3730822,2024-02-17T19:14:42Z
244,3745221,2024-02-18T19:14:42Z
245,3759621,2024-02-19T19:14:42Z
246,3774018,2024-02-20T19:14:42Z
247,3788418,2024-02-21T19:14:42Z
248,3802818,2024-02-22T19:14:42Z
249,3817218,2024-02-23T19:14:42Z
250,3831618,2024-02-24T19:14:42Z
251,3846018,2024-02-25T19:14:42Z
252,3861823,2024-02-26T21:35:12Z
253,3874818,2024-02-27T19:14:42Z
254,3889215,2024-02-28T19:14:42Z
255,3903615,2024-02-29T19:14:42Z
256,3918015,2024-03-01T19:14:42Z
257,3932415,2024-03-02T19:14:42Z
258,3946815,2024-03-03T19:14:42Z
259,3961215,2024-03-04T19:14:42Z
260,3975615,2024-03-05T19:14:42Z
261,3990015,2024-03-06T19:14:42Z
262,4004415,2024-03-07T19:14:42Z
263,4018815,2024-03-08T19:14:42Z
264,4033215,2024-03-09T19:14:42Z
265,4047615,2024-03-10T19:14:42Z
266,4062015,2024-03-11T19:14:42Z
267,4076415,2024-03-12T19:14:42Z
268,4090813,2024-03-13T19:14:42Z
269,4105104,2024-03-14T19:14:42Z
270,4119504,2024-03-15T19:14:42Z
271,4133904,2024-03-16T19:14:42Z
272,4148304,2024-03-17T19:14:42Z
273,4162704,2024-03-18T19:14:42Z
274,4177104,2024-03-19T19:14:42Z
275,4191504,2024-03-20T19:14:42Z
276,4205904,2024-03-21T19:14:42Z
277,4220294,2024-03-22T19:14:42Z
278,4234281,2024-03-23T19:14:48Z
279,4248637,2024-03-24T19:14:42Z
280,4262934,2024-03-25T19:14:54Z
281,4277332,2024-03-26T19:14:42Z
282,4291732,2024-03-27T19:14:42Z
283,4306132,2024-03-28T19:14:42Z
284,4320532,2024-03-29T19:14:42Z
285,4334932,2024-03-30T19:14:42Z
286,4349332,2024-03-31T19:14:42Z
287,4363732,2024-04-01T19:14:42Z
288,4378132,2024-04-02T19:14:42Z
289,4392532,2024-04-03T19:14:42Z
290,4406932,2024-04-04T19:14:42Z
291,4421332,2024-04-05T19:14:42Z
292,4435732,2024-04-06T19:14:42Z
293,4450132,2024-04-07T19:14:42Z
294,4464532,2024-04-08T19:14:42Z
295,4478932,2024-04-09T19:14:42Z
296,4493331,2024-04-10T19:14:42Z
297,4507731,2024-04-11T19:14:42Z
298,4522130,2024-04-12T19:14:42Z
299,4536530,2024-04-13T19:14:42Z
300,4550930,2024-04-14T19:14:42Z
301,4565330,2024-04-15T19:14:42Z
302,4579730,2024-04-16T19:14:42Z
303,4594129,2024-04-17T19:14:42Z
304,4608510,2024-04-18T19:14:42Z
305,4622910,2024-04-19T19:14:42Z
306,4637310,2024-04-20T19:14:42Z
307,4651710,2024-04-21T19:14:42Z
308,4666110,2024-04-22T19:14:42Z
309,4680510,2024-04-23T19:14:42Z
310,4694910,2024-04-24T19:14:42Z
311,4709310,2024-04-25T19:14:42Z
312,4723710,2024-04-26T19:14:42Z
313,4738064,2024-04-27T19:14:42Z
314,4752464,2024-04-28T19:14:42Z
315,4766864,2024-04-29T19:14:42Z
316,4781264,2024-04-30T19:14:42Z
317,4795664,2024-05-01T19:14:42Z
318,4810064,2024-05-02T19:14:42Z
319,4824464,2024-05-03T19:14:42Z
320,4838864,2024-05-04T19:14:42Z
321,4853264,2024-05-05T19:14:42Z
322,4867664,2024-05-06T19:14:42Z
323,4882063,2024-05-07T19:14:42Z
324,4896463,2024-05-08T19:14:42Z
325,4910863,2024-05-09T19:14:42Z
326,4925263,2024-05-10T19:14:42Z
327,4939663,2024-05-11T19:14:42Z
328,4954063,2024-05-12T19:14:42Z
329,4968463,2024-05-13T19:14:42Z
330,4982863,2024-05-14T19:14:42Z
331,4997263,2024-05-15T19:14:42Z
332,5011663,2024-05-16T19:14:42Z
333,5026034,2024-05-17T19:14:42Z
334,5040434,2024-05-18T19:14:42Z
335,5054834,2024-05-19T19:14:42Z
336,5069234,2024-05-20T19:14:42Z
337,5083634,2024-05-21T19:14:42Z
338,5098034,2024-05-22T19:14:42Z
339,5112434,2024-05-23T19:14:42Z
340,5126834,2024-05-24T19:14:42Z
341,5141234,2024-05-25T19:14:42Z
342,5155634,2024-05-26T19:14:42Z
343,5170034,2024-05-27T19:14:42Z
344,5184434,2024-05-28T19:14:42Z
345,5198834,2024-05-29T19:14:42Z
346,5213234,2024-05-30T19:14:42Z
347,5227634,2024-05-31T19:14:42Z
348,5242034,2024-06-01T19:14:42Z
349,5256434,2024-06-02T19:14:42Z
350,5270834,2024-06-03T19:14:42Z
351,5285234,2024-06-04T19:14:42Z
352,5299634,2024-06-05T19:14:42Z
353,5314034,2024-06-06T19:14:42Z
354,5328434,2024-06-07T19:14:42Z
355,5342834,2024-06-08T19:14:42Z
356,5357234,2024-06-09T19:14:42Z
357,5371634,2024-06-10T19:14:42Z
358,5386034,2024-06-11T19:14:42Z
359,5400434,2024-06-12T19:14:42Z
360,5414834,2024-06-13T19:14:42Z
361,5429234,2024-06-14T19:14:42Z
362,5443634,2024-06-15T19:14:42Z
363,5458034,2024-06-16T19:14:42Z
364,5472434,2024-06-17T19:14:42Z
365,5486834,2024-06-18T19:14:42Z
366,5501234,2024-06-19T19:14:42Z
367,5515634,2024-06-20T19:14:42Z
368,5530034,2024-06-21T19:14:42Z
369,5544434,2024-06-22T19:14:42Z
370,5558834,2024-06-23T19:14:42Z
371,5573234,2024-06-24T19:14:42Z
372,5587634,2024-06-25T19:14:42Z
373,5602034,2024-06-26T19:14:42Z
374,5616434,2024-06-27T19:14:42Z
375,5630834,2024-06-28T19:14:42Z
376,5645234,2024-06-29T19:14:42Z
377,5659634,2024-06-30T19:14:42Z
378,5674034,2024-07-01T19:14:42Z
379,5688434,2024-07-02T19:14:42Z
380,5702834,2024-07-03T19:14:42Z
381,5717234,2024-07-04T19:14:42Z
382,5731634,2024-07-05T19:14:42Z
383,5746034,2024-07-06T19:14:42Z
384,5760434,2024-07-07T19:14:42Z
385,5774834,2024-07-08T19:14:42Z
386,5789234,2024-07-09T19:14:42Z
387,5803634,2024-07-10T19:14:42Z
388,5818034,2024-07-11T19:14:42Z
389,5832430,2024-07-12T19:14:42Z
390,5846830,2024-07-13T19:14:42Z
391,5861230,2024-07-14T19:14:42Z
392,5875630,2024-07-15T19:14:42Z
393,5890030,2024-07-16T19:14:42Z
394,5904430,2024-07-17T19:14:42Z
395,5918826,2024-07-18T19:14:42Z
396,5933226,2024-07-19T19:14:42Z
397,5947626,2024-07-20T19:14:42Z
398,5962026,2024-07-21T19:14:42Z
399,5976426,2024-07-22T19:14:42Z
400,5990826,2024-07-23T19:14:42Z
401,6005226,2024-07-24T19:14:42Z
402,6019626,2024-07-25T19:14:42Z
403,6034026,2024-07-26T19:14:42Z
404,6048426,2024-07-27T19:14:42Z
405,6062826,2024-07-28T19:14:42Z
406,6077226,2024-07-29T19:14:42Z
407,6091626,2024-07-30T19:14:42Z
408,6106026,2024-07-31T19:14:42Z
409,6120426,2024-08-01T19:14:42Z
410,6134826,2024-08-02T19:14:42Z
411,6149226,2024-08-03T19:14:42Z
412,6163626,2024-08-04T19:14:42Z
413,6178026,2024-08-05T19:14:42Z
414,6192426,2024-08-06T19:14:42Z
415,6206826,2024-08-07T19:14:42Z
416,6221226,2024-08-08T19:14:42Z
417,6235626,2024-08-09T19:14:42Z
418,6250026,2024-08-10T19:14:42Z
419,6264426,2024-08-11T19:14:42Z
420,6278826,2024-08-12T19:14:42Z
421,6293226,2024-08-13T19:14:42Z
422,6307626,2024-08-14T19:14:42Z
423,6322026,2024-08-15T19:14:42Z
424,6336426,2024-08-16T19:14:42Z
425,6350826,2024-08-17T19:14:42Z
426,6365226,2024-08-18T19:14:42Z
427,6379626,2024-08-19T19:14:42Z
428,6394026,2024-08-20T19:14:42Z
429,6408425,2024-08-21T19:14:42Z
430,6422825,2024-08-22T19:14:42Z
431,6437225,2024-08-23T19:14:42Z
432,6451625,2024-08-24T19:14:42Z
433,6466025,2024-08-25T19:14:42Z
434,6480425,2024-08-26T19:14:42Z
435,6494825,2024-08-27T19:14:42Z
436,6509225,2024-08-28T19:14:42Z
437,6523625,2024-08-29T19:14:42Z
438,6538025,2024-08-30T19:14:42Z
439,6552425,2024-08-31T19:14:42Z
440,6566825,2024-09-01T19:14:42Z
441,6581225,2024-09-02T19:14:42Z
442,6595620,2024-09-03T19:14:42Z
443,6610020,2024-09-04T19:14:42Z
444,6624418,2024-09-05T19:14:42Z
445,6638818,2024-09-06T19:14:42Z
446,6653218,2024-09-07T19:14:42Z
447,6667618,2024-09-08T19:14:42Z
449,6697951,2024-09-10T21:48:06Z
448,6710811,2024-09-11T19:14:06Z
450,6710821,2024-09-11T19:15:06Z
451,6726887,2024-09-12T22:01:42Z
452,6739621,2024-09-13T19:15:06Z
453,6754021,2024-09-14T19:15:06Z
454,6768421,2024-09-15T19:15:06Z
455,6782821,2024-09-16T19:15:06Z
456,6797221,2024-09-17T19:15:06Z
457,6811621,2024-09-18T19:15:06Z
459,6841024,2024-09-20T20:15:24Z
458,6854811,2024-09-21T19:14:06Z
461,6869441,2024-09-22T19:37:06Z
460,6883611,2024-09-23T19:14:06Z
462,6883932,2024-09-23T19:46:12Z
463,6898021,2024-09-24T19:15:06Z
464,6912421,2024-09-25T19:15:06Z
465,6926821,2024-09-26T19:15:06Z
466,6941221,2024-09-27T19:15:06Z
467,6955621,2024-09-28T19:15:06Z
468,6970021,2024-09-29T19:15:06Z
469,6984421,2024-09-30T19:15:06Z
470,6998821,2024-10-01T19:15:06Z
471,7013220,2024-10-02T19:15:06Z
472,7027620,2024-10-03T19:15:06Z
473,7042020,2024-10-04T19:15:06Z
474,7056420,2024-10-05T19:15:06Z
475,7070820,2024-10-06T19:15:06Z
476,7085220,2024-10-07T19:15:06Z
477,7099620,2024-10-08T19:15:06Z
478,7114020,2024-10-09T19:15:06Z
479,7128420,2024-10-10T19:15:06Z
480,7142820,2024-10-11T19:15:06Z
481,7157220,2024-10-12T19:15:06Z
482,7171620,2024-10-13T19:15:06Z
483,7186020,2024-10-14T19:15:06Z
484,7200420,2024-10-15T19:15:06Z
485,7214820,2024-10-16T19:15:06Z
486,7229220,2024-10-17T19:15:06Z
487,7243620,2024-10-18T19:15:06Z
488,7258020,2024-10-19T19:15:06Z
489,7272420,2024-10-20T19:15:06Z
490,7286819,2024-10-21T19:15:06Z
491,7301216,2024-10-22T19:15:06Z
492,7315616,2024-10-23T19:15:06Z
493,7330016,2024-10-24T19:15:06Z
494,7344416,2024-10-25T19:15:06Z
495,7358816,2024-10-26T19:15:06Z
496,7373216,2024-10-27T19:15:06Z
497,7387616,2024-10-28T19:15:06Z
498,7402016,2024-10-29T19:15:06Z
499,7416416,2024-10-30T19:15:06Z
500,7430816,2024-10-31T19:15:06Z
501,7445216,2024-11-01T19:15:06Z
502,7459616,2024-11-02T19:15:06Z
503,7474016,2024-11-03T19:15:06Z
504,7488416,2024-11-04T19:15:06Z
505,7502816,2024-11-05T19:15:06Z
506,7517216,2024-11-06T19:15:06Z
507,7531616,2024-11-07T19:15:06Z
508,7546016,2024-11-08T19:15:06Z
509,7560416,2024-11-09T19:15:06Z
510,7574816,2024-11-10T19:15:06Z
511,7589216,2024-11-11T19:15:06Z
512,7603616,2024-11-12T19:15:06Z
513,7618016,2024-11-13T19:15:06Z
514,7632416,2024-11-14T19:15:06Z
515,7646816,2024-11-15T19:15:06Z
516,7661216,2024-11-16T19:15:06Z
517,7675616,2024-11-17T19:15:06Z
518,7690016,2024-11-18T19:15:06Z
519,7704416,2024-11-19T19:15:06Z
520,7718816,2024-11-20T19:15:06Z
521,7733216,2024-11-21T19:15:06Z
522,7747616,2024-11-22T19:15:06Z
523,7762016,2024-11-23T19:15:06Z
524,7776416,2024-11-24T19:15:06Z
525,7790816,2024-11-25T19:15:06Z
526,7805216,2024-11-26T19:15:06Z
527,7819616,2024-11-27T19:15:06Z
528,7834015,2024-11-28T19:15:06Z
529,7848415,2024-11-29T19:15:06Z
530,7862815,2024-11-30T19:15:06Z
531,7877215,2024-12-01T19:15:06Z
532,7891611,2024-12-02T19:15:06Z
533,7906010,2024-12-03T19:15:06Z
534,7920409,2024-12-04T19:15:00Z
535,7934809,2024-12-05T19:15:06Z
536,7949209,2024-12-06T19:15:06Z
537,7963609,2024-12-07T19:15:06Z
538,7978009,2024-12-08T19:15:06Z
539,7992409,2024-12-09T19:15:06Z
540,8006809,2024-12-10T19:15:06Z
541,8021209,2024-12-11T19:15:06Z
542,8035609,2024-12-12T19:15:06Z
543,8050009,2024-12-13T19:15:06Z
544,8064349,2024-12-14T19:15:06Z
545,8078749,2024-12-15T19:15:06Z
546,8093149,2024-12-16T19:15:06Z
547,8107549,2024-12-17T19:15:06Z
548,8121949,2024-12-18T19:15:06Z
549,8136349,2024-12-19T19:15:06Z
550,8150749,2024-12-20T19:15:06Z
551,8165149,2024-12-21T19:15:06Z
552,8179549,2024-12-22T19:15:06Z
553,8193949,2024-12-23T19:15:06Z
554,8208349,2024-12-24T19:15:06Z
555,8222749,2024-12-25T19:15:06Z
556,8237146,2024-12-26T19:15:06Z
557,8251546,2024-12-27T19:15:06Z
558,8265946,2024-12-28T19:15:06Z
559,8280346,2024-12-29T19:15:06Z
560,8294746,2024-12-30T19:15:06Z
561,8309146,2024-12-31T19:15:06Z
562,8323546,2025-01-01T19:15:06Z
563,8337946,2025-01-02T19:15:06Z
564,8352346,2025-01-03T19:15:06Z
565,8366746,2025-01-04T19:15:06Z
566,8381146,2025-01-05T19:15:06Z
567,8395546,2025-01-06T19:15:06Z
568,8409946,2025-01-07T19:15:06Z
569,8424346,2025-01-08T19:15:06Z
570,8438746,2025-01-09T19:15:06Z
571,8453146,2025-01-10T19:15:06Z
572,8467546,2025-01-11T19:15:06Z
573,8481946,2025-01-12T19:15:06Z
574,8496346,2025-01-13T19:15:06Z
575,8510746,2025-01-14T19:15:06Z
576,8525146,2025-01-15T19:15:06Z
577,8539546,2025-01-16T19:15:06Z
578,8553946,2025-01-17T19:15:06Z
579,8568346,2025-01-18T19:15:06Z
580,8582542,2025-01-19T19:15:06Z
581,8596942,2025-01-20T19:15:06Z
582,8611342,2025-01-21T19:15:06Z
583,8625742,2025-01-22T19:15:06Z
584,8640142,2025-01-23T19:15:06Z
585,8654542,2025-01-24T19:15:06Z
586,8668939,2025-01-25T19:15:06Z
587,8683339,2025-01-26T19:15:06Z
588,8697739,2025-01-27T19:15:06Z
589,8712139,2025-01-28T19:15:06Z
590,8726532,2025-01-29T19:15:06Z
591,8740931,2025-01-30T19:15:06Z
592,8755331,2025-01-31T19:15:06Z
593,8769718,2025-02-01T19:15:06Z
594,8784118,2025-02-02T19:15:06Z
595,8798518,2025-02-03T19:15:06Z
596,8812918,2025-02-04T19:15:06Z
597,8827318,2025-02-05T19:15:06Z
598,8841718,2025-02-06T19:15:06Z
599,8856118,2025-02-07T19:15:06Z
600,8870517,2025-02-08T19:15:06Z
601,8884917,2025-02-09T19:15:06Z
602,8899317,2025-02-10T19:15:06Z
603,8913717,2025-02-11T19:15:06Z
604,8928117,2025-02-12T19:15:06Z
605,8942517,2025-02-13T19:15:06Z
606,8956917,2025-02-14T19:15:06Z
607,8971317,2025-02-15T19:15:06Z
608,8985717,2025-02-16T19:15:06Z
609,9000106,2025-02-17T19:15:06Z
610,9014506,2025-02-18T19:15:06Z
611,9028906,2025-02-19T19:15:06Z
612,9050076,2025-02-21T06:32:06Z
613,9057706,2025-02-21T19:15:06Z
614,9072106,2025-02-22T19:15:06Z
615,9086506,2025-02-23T19:15:06Z
616,9100902,2025-02-24T19:15:06Z
617,9115302,2025-02-25T19:15:06Z
618,9129702,2025-02-26T19:15:06Z
619,9144102,2025-02-27T19:15:06Z
620,9158502,2025-02-28T19:15:06Z
621,9172902,2025-03-01T19:15:06Z
622,9187302,2025-03-02T19:15:06Z
623,9201702,2025-03-03T19:15:06Z
624,9216359,2025-03-04T19:40:48Z
625,9230502,2025-03-05T19:15:06Z
626,9244902,2025-03-06T19:15:06Z
627,9259302,2025-03-07T19:15:06Z
628,9273702,2025-03-08T19:15:06Z
629,9288102,2025-03-09T19:15:06Z
630,9302502,2025-03-10T19:15:06Z
631,9316902,2025-03-11T19:15:06Z
632,9331302,2025-03-12T19:15:06Z
633,9345702,2025-03-13T19:15:06Z
634,9360102,2025-03-14T19:15:06Z
635,9374502,2025-03-15T19:15:06Z
636,9388902,2025-03-16T19:15:06Z
637,9403301,2025-03-17T19:15:00Z
638,9417699,2025-03-18T19:15:06Z
639,9432098,2025-03-19T19:15:06Z
640,9446498,2025-03-20T19:15:06Z
641,9460898,2025-03-21T19:15:06Z
642,9475298,2025-03-22T19:15:06Z
643,9489698,2025-03-23T19:15:06Z
644,9504098,2025-03-24T19:15:06Z
645,9518498,2025-03-25T19:15:06Z
646,9532898,2025-03-26T19:15:06Z
647,9547298,2025-03-27T19:15:06Z
648,9561698,2025-03-28T19:15:06Z
649,9576098,2025-03-29T19:15:06Z
650,9590498,2025-03-30T19:15:06Z
651,9604898,2025-03-31T19:15:06Z
652,9619298,2025-04-01T19:15:06Z
653,9633698,2025-04-02T19:15:06Z
654,9648098,2025-04-03T19:15:06Z
655,9662490,2025-04-04T19:15:30Z
656,9676806,2025-04-05T19:15:12Z
657,9690992,2025-04-06T19:15:12Z
658,9705392,2025-04-07T19:15:12Z
659,9719792,2025-04-08T19:15:12Z
660,9734192,2025-04-09T19:15:12Z
661,9748592,2025-04-10T19:15:12Z
662,9762989,2025-04-11T19:15:12Z
663,9777389,2025-04-12T19:15:12Z
664,9791789,2025-04-13T19:15:12Z
665,9806189,2025-04-14T19:15:12Z
666,9820589,2025-04-15T19:15:12Z
667,9834989,2025-04-16T19:15:12Z
668,9849389,2025-04-17T19:15:12Z
669,9863789,2025-04-18T19:15:12Z
670,9878189,2025-04-19T19:15:12Z
671,9892589,2025-04-20T19:15:12Z
672,9906989,2025-04-21T19:15:12Z
673,9921390,2025-04-22T19:15:18Z
674,9935793,2025-04-23T19:15:36Z
675,9950193,2025-04-24T19:15:36Z
676,9964593,2025-04-25T19:15:36Z
677,9978993,2025-04-26T19:15:36Z
678,9993393,2025-04-27T19:15:36Z
679,10007793,2025-04-28T19:15:36Z
680,10022186,2025-04-29T19:15:36Z
681,10036574,2025-04-30T19:15:30Z
682,10050972,2025-05-01T19:15:18Z
683,10065364,2025-05-02T19:15:30Z
684,10079322,2025-05-03T19:15:18Z
685,10093722,2025-05-04T19:15:18Z
686,10108121,2025-05-05T19:15:18Z
687,10122521,2025-05-06T19:15:18Z
688,10136917,2025-05-07T19:15:18Z
689,10151315,2025-05-08T19:15:18Z
690,10165715,2025-05-09T19:15:18Z
691,10180115,2025-05-10T19:15:18Z
692,10194515,2025-05-11T19:15:18Z
693,10208914,2025-05-12T19:15:18Z
694,10223314,2025-05-13T19:15:18Z
695,10237711,2025-05-14T19:15:18Z
696,10252110,2025-05-15T19:15:12Z
697,10266510,2025-05-16T19:15:12Z
698,10280910,2025-05-17T19:15:12Z
699,10295309,2025-05-18T19:15:12Z
700,10309709,2025-05-19T19:15:12Z
701,10324109,2025-05-20T19:15:12Z
702,10338504,2025-05-21T19:15:12Z
703,10352903,2025-05-22T19:15:12Z
704,10367295,2025-05-23T19:15:12Z
705,10381695,2025-05-24T19:15:12Z
706,10396095,2025-05-25T19:15:12Z
707,10410495,2025-05-26T19:15:12Z
708,10424895,2025-05-27T19:15:12Z
709,10439294,2025-05-28T19:15:12Z
710,10453694,2025-05-29T19:15:12Z
711,10468089,2025-05-30T19:15:12Z
712,10482489,2025-05-31T19:15:12Z
713,10496889,2025-06-01T19:15:12Z
714,10511289,2025-06-02T19:15:12Z
715,10525642,2025-06-03T19:15:12Z
716,10540042,2025-06-04T19:15:12Z
717,10554442,2025-06-05T19:15:12Z
718,10568842,2025-06-06T19:15:12Z
719,10583242,2025-06-07T19:15:12Z
720,10597642,2025-06-08T19:15:12Z
721,10612042,2025-06-09T19:15:12Z
722,10626442,2025-06-10T19:15:12Z
723,10640840,2025-06-11T19:15:12Z
724,10655239,2025-06-12T19:15:12Z
725,10669639,2025-06-13T19:15:12Z
726,10684037,2025-06-14T19:15:12Z
727,10698435,2025-06-15T19:15:12Z
728,10712835,2025-06-16T19:15:12Z
729,10727235,2025-06-17T19:15:12Z
730,10741635,2025-06-18T19:15:12Z
731,10756035,2025-06-19T19:15:12Z
732,10770433,2025-06-20T19:15:12Z
733,10784833,2025-06-21T19:15:12Z
734,10799233,2025-06-22T19:15:12Z
735,10813633,2025-06-23T19:15:12Z
736,10828033,2025-06-24T19:15:12Z
737,10842433,2025-06-25T19:15:12Z
738,10856833,2025-06-26T19:15:12Z
739,10871225,2025-06-27T19:15:12Z
740,10885624,2025-06-28T19:15:12Z
741,10900024,2025-06-29T19:15:12Z
742,10914379,2025-06-30T19:15:12Z
743,10928333,2025-07-01T19:15:12Z
744,10942280,2025-07-02T19:15:24Z
745,10956264,2025-07-03T19:15:12Z
746,10970664,2025-07-04T19:15:12Z
747,10985064,2025-07-05T19:15:12Z
748,10999464,2025-07-06T19:15:12Z
749,11013864,2025-07-07T19:15:12Z
750,11028264,2025-07-08T19:15:12Z
751,11042664,2025-07-09T19:15:12Z
752,11057064,2025-07-10T19:15:12Z
753,11071463,2025-07-11T19:15:12Z
754,11085863,2025-07-12T19:15:12Z
755,11100263,2025-07-13T19:15:12Z
756,11114663,2025-07-14T19:15:12Z
757,11129062,2025-07-15T19:15:12Z
758,11143461,2025-07-16T19:15:12Z
759,11157861,2025-07-17T19:15:12Z
760,11172261,2025-07-18T19:15:12Z
761,11186661,2025-07-19T19:15:12Z
762,11201061,2025-07-20T19:15:12Z
763,11215461,2025-07-21T19:15:12Z
764,11229861,2025-07-22T19:15:12Z
765,11244244,2025-07-23T19:15:12Z
766,11258644,2025-07-24T19:15:18Z
767,11273033,2025-07-25T19:15:12Z
768,11287433,2025-07-26T19:15:12Z
769,11301833,2025-07-27T19:15:12Z
770,11316233,2025-07-28T19:15:12Z
771,11330633,2025-07-29T19:15:12Z
772,11345033,2025-07-30T19:15:12Z
773,11359432,2025-07-31T19:15:12Z
774,11373832,2025-08-01T19:15:12Z
775,11388231,2025-08-02T19:15:12Z
776,11402631,2025-08-03T19:15:12Z
777,11417031,2025-08-04T19:15:12Z
778,11431430,2025-08-05T19:15:12Z
779,11445830,2025-08-06T19:15:12Z
780,11460228,2025-08-07T19:15:12Z
781,11474627,2025-08-08T19:15:12Z
782,11489027,2025-08-09T19:15:12Z
783,11503427,2025-08-10T19:15:12Z
784,11517827,2025-08-11T19:15:12Z
785,11532227,2025-08-12T19:15:12Z
786,11546625,2025-08-13T19:15:00Z
787,11561027,2025-08-14T19:15:12Z
788,11575427,2025-08-15T19:15:12Z
789,11589827,2025-08-16T19:15:12Z
790,11604227,2025-08-17T19:15:12Z
791,11618627,2025-08-18T19:15:12Z
792,11633037,2025-08-19T19:16:30Z
793,11647424,2025-08-20T19:15:12Z
794,11661821,2025-08-21T19:15:12Z
795,11676214,2025-08-22T19:15:12Z
796,11690608,2025-08-23T19:15:12Z
797,11705008,2025-08-24T19:15:12Z
798,11719408,2025-08-25T19:15:12Z
799,11733808,2025-08-26T19:15:12Z
800,11748204,2025-08-27T19:15:00Z
801,11762606,2025-08-28T19:15:12Z
802,11777004,2025-08-29T19:15:12Z
803,11791404,2025-08-30T19:15:12Z
804,11805804,2025-08-31T19:15:12Z
805,11820204,2025-09-01T19:15:12Z
806,11834604,2025-09-02T19:15:12Z
807,11849005,2025-09-03T19:15:24Z
808,11863403,2025-09-04T19:15:12Z
809,11877803,2025-09-05T19:15:12Z
810,11892203,2025-09-06T19:15:12Z
811,11906603,2025-09-07T19:15:12Z
812,11921000,2025-09-08T19:15:12Z
813,11935400,2025-09-09T19:15:12Z
814,11949798,2025-09-10T19:15:00Z
815,11964193,2025-09-11T19:15:12Z
816,11978593,2025-09-12T19:15:12Z
817,11992993,2025-09-13T19:15:12Z
818,12007393,2025-09-14T19:15:12Z
819,12021793,2025-09-15T19:15:12Z
820,12036192,2025-09-16T19:15:12Z
821,12050591,2025-09-17T19:15:12Z
822,12064991,2025-09-18T19:15:12Z
823,12079390,2025-09-19T19:15:12Z
824,12093790,2025-09-20T19:15:12Z
825,12108190,2025-09-21T19:15:12Z
826,12122590,2025-09-22T19:15:12Z
827,12136990,2025-09-23T19:15:12Z
828,12151378,2025-09-24T19:15:12Z
829,12165775,2025-09-25T19:15:12Z
830,12180175,2025-09-26T19:15:12Z
831,12194572,2025-09-27T19:15:12Z
832,12208972,2025-09-28T19:15:12Z
833,12223372,2025-09-29T19:15:12Z
834,12237772,2025-09-30T19:15:12Z
835,12252172,2025-10-01T19:15:12Z
836,12266565,2025-10-02T19:15:12Z
837,12280964,2025-10-03T19:15:12Z
838,12295364,2025-10-04T19:15:12Z
839,12309764,2025-10-05T19:15:12Z
840,12324164,2025-10-06T19:15:12Z
841,12338564,2025-10-07T19:15:12Z
842,12352961,2025-10-08T19:15:12Z
843,12367361,2025-10-09T19:15:12Z
844,12381761,2025-10-10T19:15:12Z
845,12396161,2025-10-11T19:15:12Z
846,12410561,2025-10-12T19:15:12Z
847,12424961,2025-10-13T19:15:12Z
848,12439361,2025-10-14T19:15:12Z
849,12453761,2025-10-15T19:15:12Z
850,12468161,2025-10-16T19:15:12Z
851,12482560,2025-10-17T19:15:12Z
852,12496960,2025-10-18T19:15:12Z
853,12511360,2025-10-19T19:15:12Z
854,12525760,2025-10-20T19:15:12Z
855,12540156,2025-10-21T19:15:12Z
856,12554542,2025-10-22T19:15:12Z
857,12568945,2025-10-23T19:15:30Z
858,12583342,2025-10-24T19:15:12Z
859,12597742,2025-10-25T19:15:12Z
860,12612141,2025-10-26T19:15:12Z
861,12626540,2025-10-27T19:15:12Z
862,12640940,2025-10-28T19:15:12Z
863,12655181,2025-10-29T19:15:12Z
864,12669115,2025-10-30T19:15:12Z
865,12683513,2025-10-31T19:15:12Z
866,12697913,2025-11-01T19:15:12Z
867,12712313,2025-11-02T19:15:12Z
868,12726713,2025-11-03T19:15:12Z
869,12741112,2025-11-04T19:15:12Z
870,12755512,2025-11-05T19:15:12Z
871,12769910,2025-11-06T19:15:12Z
872,12784310,2025-11-07T19:15:12Z
873,12798708,2025-11-08T19:15:12Z
874,12813108,2025-11-09T19:15:12Z
875,12827508,2025-11-10T19:15:12Z
876,12841907,2025-11-11T19:15:12Z
877,12856307,2025-11-12T19:15:12Z
878,12870707,2025-11-13T19:15:30Z
879,12885104,2025-11-14T19:15:12Z
880,12899504,2025-11-15T19:15:12Z
881,12913902,2025-11-16T19:15:12Z
882,12928298,2025-11-17T19:15:12Z
883,12942692,2025-11-18T19:15:12Z
884,12957092,2025-11-19T19:15:12Z
885,12971492,2025-11-20T19:15:12Z
886,12985891,2025-11-21T19:15:12Z
887,13000291,2025-11-22T19:15:12Z
888,13014691,2025-11-23T19:15:12Z
889,13029091,2025-11-24T19:15:12Z
890,13043490,2025-11-25T19:15:12Z
891,13057890,2025-11-26T19:15:12Z
892,13072290,2025-11-27T19:15:12Z
893,13086690,2025-11-28T19:15:12Z
894,13101090,2025-11-29T19:15:12Z
895,13115490,2025-11-30T19:15:12Z
896,13129890,2025-12-01T19:15:12Z
897,13144285,2025-12-02T19:15:12Z
898,13158682,2025-12-03T19:15:12Z
899,13173082,2025-12-04T19:15:12Z
900,13187479,2025-12-05T19:15:12Z
901,13201879,2025-12-06T19:15:12Z
902,13216279,2025-12-07T19:15:12Z
903,13230679,2025-12-08T19:15:12Z
